,Username,Category,Followers,Followees,Posts,Level
8758,blogcalledjacq,fashion,9999.0,771,2117,Micro
8759,itslenatime,fashion,9998.0,675,635,Micro
8760,_sparnold_,fashion,9996.0,981,363,Micro
8761,ana.da.rocha,fashion,9994.0,811,1064,Micro
8762,thegarsowtwins,fashion,9993.0,1229,543,Micro
8763,takemebacktoparis,fashion,9992.0,2161,2008,Micro
8764,urbanizedfashion,fashion,9989.0,3706,498,Micro
8765,amanda_h_jones,fashion,9989.0,1441,1208,Micro
8766,aureliablog,fashion,9985.0,3632,1169,Micro
8767,jessicalynnmartin_,fashion,9981.0,2464,979,Micro
8768,enerianna,fashion,9979.0,860,2233,Micro
8769,lynnettejoselly,fashion,9974.0,905,1778,Micro
8770,wilderbiralpage,fashion,9972.0,765,378,Micro
8771,sheybonillamodel,fashion,9971.0,2479,805,Micro
8772,missflavia_,fashion,9970.0,996,242,Micro
8773,wearskelly,fashion,9968.0,994,1434,Micro
8774,ciaobellafran,fashion,9968.0,1340,323,Micro
8775,jjacqueline___,fashion,9968.0,570,323,Micro
8776,erikacaroliina,fashion,9966.0,993,2637,Micro
8777,boutique.seventeen,fashion,9964.0,409,439,Micro
8778,emmacatherine09,fashion,9963.0,401,314,Micro
8779,alejandro__calvo,fashion,9963.0,996,260,Micro
8780,sophiestrails,fashion,9954.0,2720,432,Micro
8781,melissamandula,fashion,9948.0,748,1286,Micro
8782,carolinenicodemus,fashion,9941.0,1137,642,Micro
8783,charlottestrong,fashion,9933.0,2796,568,Micro
8784,chanellespivak,fashion,9926.0,2560,305,Micro
8785,mk_fllo,fashion,9923.0,3311,391,Micro
8786,lai_tiffany,fashion,9922.0,747,738,Micro
8787,rachelnorstrom,fashion,9920.0,5052,201,Micro
8788,aluiza__,fashion,9919.0,916,1496,Micro
8789,riohooper,fashion,9919.0,522,761,Micro
8790,jessica_vanheerden,fashion,9912.0,879,922,Micro
8791,fashiontimes.it,fashion,9895.0,1492,2208,Micro
8792,reaganmbernard,fashion,9895.0,670,376,Micro
8793,xlaurengregoryx,fashion,9893.0,692,468,Micro
8794,curlsandcontours,fashion,9891.0,1716,940,Micro
8795,chicandcheaplifestyles,fashion,9882.0,1280,396,Micro
8796,trendy.dianou,fashion,9882.0,1086,1218,Micro
8797,chiara_conte_singerviolinist,fashion,9852.0,1813,961,Micro
8798,thedelilahblog,fashion,9847.0,1585,957,Micro
8799,sefalimahida,fashion,9845.0,93,458,Micro
8800,vogue.pk,fashion,9833.0,643,2594,Micro
8801,fabeautrends,fashion,9829.0,593,949,Micro
8802,thoughtfulwish,fashion,9825.0,1989,1419,Micro
8803,canaldabianca,fashion,9824.0,383,373,Micro
8804,nicolss,fashion,9822.0,476,592,Micro
8805,natlovesthat,fashion,9821.0,1348,712,Micro
8806,avec_mac,fashion,9818.0,991,371,Micro
8807,annaliesedayes,fashion,9812.0,1806,747,Micro
8808,zacdeck,fashion,9810.0,214,969,Micro
8809,torrisunshine,fashion,9806.0,1929,1394,Micro
8810,benjamindiedering,fashion,9801.0,1781,701,Micro
8811,sostyles,fashion,9801.0,1108,478,Micro
8812,cassandramarouki,fashion,9798.0,479,226,Micro
8813,homeofstars,fashion,9797.0,2480,1685,Micro
8814,juliacabanblog,fashion,9786.0,467,1145,Micro
8815,bysuellenmandu,fashion,9772.0,1714,730,Micro
8816,funkyflairboutique,fashion,9771.0,2904,5025,Micro
8817,team2ramos,fashion,9765.0,553,1630,Micro
8818,janaaasland,fashion,9756.0,978,424,Micro
8819,haayyllleeyy,fashion,9756.0,2397,497,Micro
8820,chelseaeve_templeton,fashion,9747.0,2970,1596,Micro
8821,asmammalek,fashion,9746.0,379,642,Micro
8822,mattlummus,fashion,9732.0,1779,2646,Micro
8823,eclectickurves,fashion,9731.0,985,930,Micro
8824,thenikkistandard,fashion,9730.0,782,707,Micro
8825,__y___u_,fashion,9728.0,533,210,Micro
8826,ally_bing,fashion,9727.0,262,1041,Micro
8827,miloutjioe,fashion,9724.0,728,774,Micro
8828,mattiapallozzi,fashion,9710.0,2425,719,Micro
8829,mrssaripalli,fashion,9709.0,1283,1014,Micro
8830,ivoblog,fashion,9705.0,699,918,Micro
8831,runwayribbons,fashion,9697.0,440,1024,Micro
8832,hinikki,fashion,9696.0,972,789,Micro
8833,goldwilldigger,fashion,9676.0,1356,638,Micro
8834,jessicavaughn4,fashion,9676.0,2146,8310,Micro
8835,everydaywithkblog,fashion,9671.0,1863,530,Micro
8836,lvtrendy_style,fashion,9660.0,750,859,Micro
8837,juliettiful,fashion,9650.0,1161,1423,Micro
8838,ami__yone,fashion,9646.0,339,323,Micro
8839,andislist,fashion,9631.0,4919,815,Micro
8840,valentynaap,fashion,9629.0,1172,605,Micro
8841,jadevanrielx,fashion,9629.0,1807,352,Micro
8842,littlelouvain,fashion,9625.0,1495,1539,Micro
8843,aleestang,fashion,9624.0,1717,335,Micro
8844,withdesireebella,fashion,9623.0,681,1704,Micro
8845,aluisalopes,fashion,9622.0,743,886,Micro
8846,saracruden,fashion,9619.0,148,692,Micro
8847,_thestylegen_,fashion,9612.0,471,472,Micro
8848,mellotune,fashion,9605.0,382,390,Micro
8849,mccall.mitchell,fashion,9601.0,854,475,Micro
8850,maritaboteroc,fashion,9600.0,2559,1670,Micro
8851,xojunexo,fashion,9599.0,509,630,Micro
8852,amandathompsonbowlds,fashion,9589.0,2401,601,Micro
8853,simplybychar,fashion,9589.0,942,865,Micro
8854,deborah_arizmendi,fashion,9588.0,4062,2426,Micro
8855,byamyly,fashion,9586.0,1539,449,Micro
8856,2ericbecerra,fashion,9578.0,6559,485,Micro
8857,arrowsandawe,fashion,9576.0,1187,570,Micro
8858,g.gamzekoc,fashion,9573.0,775,387,Micro
8859,polina.yg,fashion,9568.0,841,773,Micro
8860,_johnjarrett,fashion,9567.0,1187,1113,Micro
8861,1beautiful_t,fashion,9567.0,607,766,Micro
8862,thisismjg,fashion,9562.0,1294,1354,Micro
8863,denahuys,fashion,9562.0,1371,1297,Micro
8864,d_watso,fashion,9559.0,1074,6736,Micro
8865,literallyyg,fashion,9551.0,1173,2243,Micro
8866,bobbyschuessler,fashion,9550.0,1234,1695,Micro
8867,deliasfaison,fashion,9540.0,836,698,Micro
8868,sweetsauceblog,fashion,9539.0,4623,1819,Micro
8869,thestreetstyler_,fashion,9533.0,3124,1189,Micro
8870,madisonriding,fashion,9531.0,1057,339,Micro
8871,justebti,fashion,9524.0,2840,1408,Micro
8872,imperfectlysarah,fashion,9521.0,859,804,Micro
8873,iam_usamaa,fashion,9512.0,1026,285,Micro
8874,alinaandrose,fashion,9510.0,2605,474,Micro
8875,katieteutphoto,fashion,9509.0,7462,1328,Micro
8876,yoloryn,fashion,9506.0,715,528,Micro
8877,biancaxxfranco,fashion,9504.0,937,461,Micro
8878,getonmychic,fashion,9503.0,2306,377,Micro
8879,swdmagazine,fashion,9497.0,928,2124,Micro
8880,ritaibribeiro,fashion,9496.0,1056,340,Micro
8881,yuipiii721,fashion,9490.0,283,864,Micro
8882,mealia_c,fashion,9489.0,2835,524,Micro
8883,gracebelle,fashion,9483.0,1533,1288,Micro
8884,stephanie.merhi,fashion,9469.0,2026,2702,Micro
8885,theingenue,fashion,9463.0,1076,2312,Micro
8886,antoinettefrances,fashion,9458.0,815,1050,Micro
8887,lisa.m.aria,fashion,9457.0,602,306,Micro
8888,katia_schz,fashion,9442.0,2370,651,Micro
8889,stylish_page_vianey,fashion,9439.0,474,952,Micro
8890,bro0ketini,fashion,9436.0,966,787,Micro
8891,kristine_janice,fashion,9436.0,1602,453,Micro
8892,astylishcloset,fashion,9427.0,1441,852,Micro
8893,rebeccalately,fashion,9424.0,543,1861,Micro
8894,in_the_fifties,fashion,9423.0,631,273,Micro
8895,thoniabankz,fashion,9416.0,695,415,Micro
8896,heyaimeenicole,fashion,9412.0,2419,651,Micro
8897,thaisla_munique,fashion,9405.0,3251,674,Micro
8898,anameliapolanco,fashion,9404.0,258,608,Micro
8899,mariasagvik,fashion,9399.0,954,1026,Micro
8900,kendramcleish,fashion,9395.0,1303,373,Micro
8901,typicallyjane,fashion,9393.0,1723,2781,Micro
8902,styleoperator,fashion,9383.0,535,1905,Micro
8903,josettepimenta,fashion,9381.0,1077,303,Micro
8904,gabymthemodel,fashion,9380.0,1235,1361,Micro
8905,helenespilling,fashion,9372.0,3679,803,Micro
8906,wanderstylust,fashion,9371.0,1822,215,Micro
8907,britneyspear.s,fashion,9369.0,515,2206,Micro
8908,chanellealyssa,fashion,9354.0,366,658,Micro
8909,sistagram_____,fashion,9353.0,6470,274,Micro
8910,valeriehelton,fashion,9347.0,2207,530,Micro
8911,saralobben,fashion,9345.0,2345,737,Micro
8912,annikakotrc,fashion,9341.0,1004,306,Micro
8913,agypsyinthecity,fashion,9340.0,3221,340,Micro
8914,ashleybenfit,fashion,9337.0,327,869,Micro
8915,samknupp,fashion,9328.0,1306,486,Micro
8916,brookembastress,fashion,9324.0,2474,957,Micro
8917,spirossavvinos,fashion,9323.0,2068,3114,Micro
8918,yuliyamir1,fashion,9321.0,316,771,Micro
8919,verovlogs,fashion,9317.0,3779,1047,Micro
8920,eunique_kollection,fashion,9302.0,1538,323,Micro
8921,thetailoredolive,fashion,9299.0,2432,484,Micro
8922,monicareneewarren,fashion,9296.0,3982,909,Micro
8923,chalondawebbdotcom,fashion,9292.0,877,459,Micro
8924,winnie.odande,fashion,9287.0,1349,916,Micro
8925,evinalepotilnica,fashion,9283.0,207,432,Micro
8926,patrickrbrandao,fashion,9280.0,904,257,Micro
8927,writeslikeagirl,fashion,9277.0,2507,2106,Micro
8928,catherinevanboeckel,fashion,9261.0,2489,615,Micro
8929,jensyngagne,fashion,9254.0,1441,435,Micro
8930,diclassicx,fashion,9252.0,192,290,Micro
8931,lajeune,fashion,9251.0,546,873,Micro
8932,angeliqueemmanuelle,fashion,9235.0,561,544,Micro
8933,melissahendershot,fashion,9233.0,3977,1203,Micro
8934,blingaholic88,fashion,9230.0,5070,1517,Micro
8935,jaoujaou,fashion,9229.0,566,355,Micro
8936,britniekaplan,fashion,9210.0,409,887,Micro
8937,tiffycrazycool,fashion,9198.0,1127,497,Micro
8938,kameronmonet,fashion,9197.0,876,802,Micro
8939,thallyacordeiro,fashion,9191.0,1046,327,Micro
8940,thestylishmommy,fashion,9187.0,1179,1200,Micro
8941,ayaimamura,fashion,9187.0,391,1956,Micro
8942,van_schoen,fashion,9186.0,6801,450,Micro
8943,hakamme,fashion,9185.0,3129,808,Micro
8944,eddyleisyfigaro,fashion,9182.0,446,627,Micro
8945,zhureta,fashion,9182.0,638,526,Micro
8946,savannah.ashley,fashion,9180.0,3158,2325,Micro
8947,megan_caddy,fashion,9176.0,2828,737,Micro
8948,valentorya,fashion,9175.0,345,410,Micro
8949,anaflaviamuniz,fashion,9169.0,1358,579,Micro
8950,gabrielmagazine,fashion,9166.0,287,2183,Micro
8951,cronicasgermanicas,fashion,9166.0,709,3220,Micro
8952,carolinemcelroystylist,fashion,9157.0,593,632,Micro
8953,nicolexkat,fashion,9152.0,645,734,Micro
8954,brittanyjjones,fashion,9148.0,1113,526,Micro
8955,charitylikesbeards,fashion,9140.0,142,1951,Micro
8956,jankatopanka,fashion,9130.0,999,1753,Micro
8957,yuuukikiyo,fashion,9130.0,635,464,Micro
8958,talitadestefani,fashion,9122.0,479,3761,Micro
8959,lucygillett1993,fashion,9121.0,703,356,Micro
8960,yourunicornbabe,fashion,9117.0,209,931,Micro
8961,chocolateismyvice,fashion,9114.0,1327,383,Micro
8962,jennaleeannllc,fashion,9110.0,3472,561,Micro
8963,street_madonna,fashion,9107.0,1972,375,Micro
8964,metukteket,fashion,9107.0,1427,715,Micro
8965,msjessicastyle,fashion,9103.0,554,1452,Micro
8966,juribeiro,fashion,9102.0,747,444,Micro
8967,fromevelynsheart,fashion,9078.0,2292,2221,Micro
8968,blognatirios,fashion,9072.0,6986,391,Micro
8969,foxxtailz,fashion,9066.0,497,1666,Micro
8970,stylehercloset,fashion,9065.0,226,363,Micro
8971,jesslemos,fashion,9058.0,217,1697,Micro
8972,itfashion,fashion,9043.0,1437,2667,Micro
8973,ambermiller9,fashion,9042.0,2206,323,Micro
8974,spiffycliffy,fashion,9030.0,1880,1367,Micro
8975,sideofglam,fashion,9028.0,2520,347,Micro
8976,kyriskat,fashion,9026.0,361,502,Micro
8977,romy.simona,fashion,9024.0,642,496,Micro
8978,ronhill,fashion,9020.0,2002,517,Micro
8979,dashaneith,fashion,9017.0,1949,326,Micro
8980,thatsaleaf,fashion,9015.0,750,915,Micro
8981,annakalvatn,fashion,9006.0,900,297,Micro
8982,premiere_dame_look,fashion,9002.0,398,218,Micro
8983,asos_elizabeth,fashion,9000.0,199,434,Micro
8984,nuriam_vilaca,fashion,8992.0,1454,888,Micro
8985,tamarmor,fashion,8992.0,1952,815,Micro
8986,lifeeoflo,fashion,8985.0,1085,472,Micro
8987,lifestylemavens,fashion,8980.0,873,2060,Micro
8988,falloverfashion,fashion,8979.0,629,433,Micro
8989,melissad_uk,fashion,8962.0,539,1109,Micro
8990,tania_argent,fashion,8945.0,2014,935,Micro
8991,myvioletdelights,fashion,8941.0,1817,777,Micro
8992,heyitsryleehall,fashion,8935.0,231,2000,Micro
8993,natsuklllll,fashion,8932.0,448,923,Micro
8994,fab_lane21,fashion,8927.0,1119,353,Micro
8995,by.malka,fashion,8923.0,469,442,Micro
8996,5oclocksunday,fashion,8923.0,2881,933,Micro
8997,travelinghoppy,fashion,8914.0,846,496,Micro
8998,thefashionchair,fashion,8905.0,3175,664,Micro
8999,suomelasonja,fashion,8897.0,153,1137,Micro
9000,thebrowneyedkid,fashion,8894.0,229,298,Micro
9001,voguishandcalamity,fashion,8892.0,1318,904,Micro
9002,alexemichaud,fashion,8886.0,626,752,Micro
9003,nessabransan,fashion,8886.0,1962,1223,Micro
9004,dj_gigola,fashion,8886.0,795,339,Micro
9005,elcofrebliaman,fashion,8882.0,878,1906,Micro
9006,beingmrsfowler,fashion,8881.0,1347,2518,Micro
9007,victoriaxstyle,fashion,8880.0,920,371,Micro
9008,givemeallthepretties,fashion,8877.0,271,535,Micro
9009,hugrunegils,fashion,8875.0,888,759,Micro
9010,britain_bennett,fashion,8873.0,602,364,Micro
9011,alannamcnally,fashion,8870.0,1118,864,Micro
9012,annapantarei,fashion,8869.0,1670,1426,Micro
9013,zaatina_z,fashion,8868.0,214,380,Micro
9014,sasarisa0110,fashion,8854.0,1737,1397,Micro
9015,stylingbyanh,fashion,8853.0,914,912,Micro
9016,bbdance17,fashion,8842.0,567,1001,Micro
9017,thewaytomyhart,fashion,8841.0,3154,1569,Micro
9018,jasuuu,fashion,8837.0,814,313,Micro
9019,robineblickman,fashion,8832.0,985,257,Micro
9020,stefy.ste.52,fashion,8832.0,385,1314,Micro
9021,marinela_marku,fashion,8830.0,3072,281,Micro
9022,rafael_esteiotur,fashion,8826.0,4768,2188,Micro
9023,saraicetea,fashion,8814.0,2859,361,Micro
9024,simkosays,fashion,8813.0,1689,1884,Micro
9025,fashionbeautyed,fashion,8810.0,1318,1291,Micro
9026,centralfloridabelle,fashion,8809.0,2833,827,Micro
9027,fatima_domingush,fashion,8806.0,1006,993,Micro
9028,miry19941,fashion,8801.0,7435,1896,Micro
9029,lipstickandsparkle,fashion,8798.0,4165,665,Micro
9030,nadi.ct,fashion,8797.0,425,367,Micro
9031,mathildalacannelle,fashion,8796.0,279,698,Micro
9032,alexxcoll,fashion,8790.0,1788,577,Micro
9033,myazurelife,fashion,8788.0,524,544,Micro
9034,mariavittoriamontich,fashion,8787.0,2031,962,Micro
9035,loveleighlove,fashion,8783.0,3879,1160,Micro
9036,trulyjamie,fashion,8777.0,3532,999,Micro
9037,laurelryser,fashion,8775.0,500,586,Micro
9038,yvonne_vage,fashion,8767.0,462,607,Micro
9039,my.stylinglife,fashion,8765.0,1763,321,Micro
9040,johannahelga9,fashion,8764.0,899,812,Micro
9041,alessiadrinklipstick,fashion,8752.0,997,1079,Micro
9042,blacc_velvett,fashion,8744.0,2851,248,Micro
9043,miramargaret,fashion,8744.0,2810,851,Micro
9044,thesarakhalil,fashion,8737.0,1089,1341,Micro
9045,eiderdprado,fashion,8735.0,833,969,Micro
9046,seekaxiom,fashion,8722.0,987,790,Micro
9047,tarynnalexa,fashion,8720.0,934,894,Micro
9048,msjuicyy,fashion,8715.0,1330,3144,Micro
9049,malanghi,fashion,8713.0,2105,695,Micro
9050,nhougaard,fashion,8710.0,874,498,Micro
9051,linnodman,fashion,8705.0,646,1394,Micro
9052,_addiejones,fashion,8702.0,3488,394,Micro
9053,thesparkleofjoy,fashion,8694.0,1794,946,Micro
9054,saraavenneri,fashion,8693.0,733,267,Micro
9055,janiyawalker,fashion,8687.0,1681,969,Micro
9056,flafavro,fashion,8681.0,3687,449,Micro
9057,miss_danielv,fashion,8681.0,633,438,Micro
9058,brittanybzucker,fashion,8679.0,3908,6926,Micro
9059,meganmccoig,fashion,8671.0,983,868,Micro
9060,walibel,fashion,8664.0,918,1287,Micro
9061,blogbynoelle,fashion,8662.0,997,955,Micro
9062,dressedfortime,fashion,8655.0,3394,1635,Micro
9063,chadmombeauty,fashion,8647.0,1945,1332,Micro
9064,naturallyfarout,fashion,8644.0,742,488,Micro
9065,theatre_of_reallife,fashion,8643.0,6907,288,Micro
9066,pr1ncessl1a,fashion,8640.0,922,934,Micro
9067,itsjustinesjournal,fashion,8629.0,592,878,Micro
9068,aysegulec97,fashion,8620.0,431,693,Micro
9069,angelinapiro,fashion,8618.0,809,496,Micro
9070,sea_greene_,fashion,8618.0,1183,2703,Micro
9071,somethingweseek,fashion,8616.0,1306,593,Micro
9072,henni.kristin,fashion,8611.0,901,449,Micro
9073,elisabethvda,fashion,8610.0,681,421,Micro
9074,danijackel,fashion,8607.0,965,363,Micro
9075,elisasamaral,fashion,8603.0,1624,1844,Micro
9076,hannahlinaa,fashion,8602.0,645,483,Micro
9077,savvyou,fashion,8597.0,752,447,Micro
9078,lorealjonesimage,fashion,8593.0,731,670,Micro
9079,allierick,fashion,8586.0,2099,461,Micro
9080,dwalla10,fashion,8584.0,977,392,Micro
9081,alexandrabeuter,fashion,8583.0,885,873,Micro
9082,nursejakeluis,fashion,8583.0,1765,2830,Micro
9083,ryan_caruso,fashion,8582.0,992,503,Micro
9084,beaeks,fashion,8580.0,746,807,Micro
9085,the.stylehaus,fashion,8578.0,3010,361,Micro
9086,jeg_fashionblog,fashion,8573.0,1489,394,Micro
9087,livvrh,fashion,8573.0,1648,2330,Micro
9088,stephens_louisa,fashion,8570.0,56,549,Micro
9089,magdalenschkova,fashion,8566.0,1997,800,Micro
9090,cobbieyates,fashion,8555.0,3631,2032,Micro
9091,aquarius8588,fashion,8548.0,6078,484,Micro
9092,chy.forwardsoul,fashion,8544.0,998,540,Micro
9093,mariina.ram,fashion,8541.0,4197,305,Micro
9094,odaalamoda,fashion,8537.0,824,1035,Micro
9095,celebalore,fashion,8537.0,1249,4756,Micro
9096,vy.primozich,fashion,8525.0,2685,1042,Micro
9097,amberrosephoto,fashion,8523.0,898,3069,Micro
9098,raquelpueyo,fashion,8518.0,886,1162,Micro
9099,theglammood,fashion,8515.0,2978,1985,Micro
9100,samyuktarao,fashion,8514.0,485,344,Micro
9101,thatchicmom,fashion,8512.0,1438,4135,Micro
9102,theburbgirl,fashion,8506.0,1660,440,Micro
9103,gabrieladegraaf,fashion,8502.0,912,413,Micro
9104,live_lavishly_blog,fashion,8502.0,413,578,Micro
9105,sarahslifestylediary,fashion,8498.0,985,1657,Micro
9106,carmensegattini,fashion,8492.0,662,691,Micro
9107,lauren.pak,fashion,8490.0,927,643,Micro
9108,tashfunderburk,fashion,8489.0,2862,1060,Micro
9109,sunispretty,fashion,8480.0,815,1132,Micro
9110,insta_crone,fashion,8472.0,3623,340,Micro
9111,rebeccaarabella,fashion,8468.0,627,363,Micro
9112,daniela.lucia.weber,fashion,8463.0,851,314,Micro
9113,wefivekings,fashion,8460.0,7351,3463,Micro
9114,florianahoff,fashion,8459.0,738,674,Micro
9115,demimaric,fashion,8456.0,1451,1112,Micro
9116,dreamywalkhome,fashion,8450.0,3928,401,Micro
9117,madelineee_marieee13,fashion,8449.0,1070,833,Micro
9118,oripolito,fashion,8442.0,973,564,Micro
9119,heidicaterina,fashion,8437.0,453,341,Micro
9120,teresemalmberg,fashion,8437.0,289,413,Micro
9121,everydaestyle,fashion,8433.0,653,416,Micro
9122,suzziesuee,fashion,8418.0,968,297,Micro
9123,theultimatefashionista,fashion,8409.0,6996,1519,Micro
9124,kaleymcc,fashion,8407.0,798,1283,Micro
9125,julesvandeneynde,fashion,8406.0,1552,412,Micro
9126,hayearls,fashion,8404.0,2554,402,Micro
9127,lanadewulf,fashion,8400.0,373,546,Micro
9128,coleguinhasdebalsas,fashion,8399.0,1786,762,Micro
9129,ritchy_rizk,fashion,8399.0,25,6301,Micro
9130,crownsbyceleste,fashion,8398.0,2313,2760,Micro
9131,alessio.capizzi,fashion,8393.0,386,1727,Micro
9132,kathrynnicolaus,fashion,8389.0,998,801,Micro
9133,so_narly,fashion,8383.0,701,2218,Micro
9134,hellorobinsonstyle,fashion,8382.0,627,3301,Micro
9135,barbeemusic,fashion,8382.0,963,1876,Micro
9136,shenaeandrus,fashion,8381.0,522,320,Micro
9137,theomedit,fashion,8373.0,824,977,Micro
9138,brittanialexandra,fashion,8371.0,1293,362,Micro
9139,lenaksamuels,fashion,8370.0,3382,771,Micro
9140,kimmymarymackey,fashion,8366.0,997,2364,Micro
9141,theclosetconsultant,fashion,8365.0,2225,748,Micro
9142,jenniferwalcottfanclub,fashion,8358.0,256,1545,Micro
9143,lenanova__,fashion,8356.0,2772,2789,Micro
9144,to.thine.own.self.be.trill,fashion,8353.0,3117,635,Micro
9145,beautychick101,fashion,8352.0,977,2717,Micro
9146,mutaz_elneel,fashion,8352.0,1520,421,Micro
9147,kirstivaikla,fashion,8347.0,909,522,Micro
9148,geoteixeira,fashion,8343.0,1058,802,Micro
9149,c8flinkenberg,fashion,8341.0,545,3036,Micro
9150,viccmarini,fashion,8339.0,487,555,Micro
9151,laurencfitzgerald,fashion,8337.0,2900,490,Micro
9152,katelouiseblog,fashion,8335.0,717,3059,Micro
9153,tayaladame,fashion,8334.0,731,1466,Micro
9154,gracieaber,fashion,8333.0,991,401,Micro
9155,aimeerancer,fashion,8321.0,1421,2014,Micro
9156,miduyang,fashion,8319.0,1166,193,Micro
9157,laidbackandlavish,fashion,8317.0,489,194,Micro
9158,ybuzko,fashion,8316.0,169,2437,Micro
9159,fashionnestaa_,fashion,8309.0,1037,484,Micro
9160,jadri_gajic,fashion,8304.0,4940,1116,Micro
9161,michdedrie,fashion,8303.0,486,288,Micro
9162,clubforty.claire,fashion,8301.0,773,834,Micro
9163,himperiofitness,fashion,8299.0,4477,659,Micro
9164,kensley_atwell,fashion,8290.0,1177,255,Micro
9165,alivialevie,fashion,8290.0,968,558,Micro
9166,laurapjanis,fashion,8280.0,1148,599,Micro
9167,feliciamay00,fashion,8279.0,1083,325,Micro
9168,byeleanore,fashion,8276.0,861,604,Micro
9169,d.wojtas,fashion,8272.0,885,782,Micro
9170,restandriesling,fashion,8271.0,3268,330,Micro
9171,kobibrackenfromthelakers,fashion,8267.0,885,1258,Micro
9172,jucsilva,fashion,8267.0,3883,999,Micro
9173,tinibeltran,fashion,8255.0,1656,1069,Micro
9174,gioott,fashion,8254.0,2523,1338,Micro
9175,pearlsandtwirls,fashion,8251.0,1559,1984,Micro
9176,xmarlindeee,fashion,8243.0,2355,326,Micro
9177,ireninacris,fashion,8237.0,888,761,Micro
9178,easterndolce,fashion,8232.0,3355,261,Micro
9179,annabelizm,fashion,8232.0,1610,799,Micro
9180,thewastedblog,fashion,8232.0,657,352,Micro
9181,herz.mama,fashion,8231.0,235,693,Micro
9182,littlepieceofchic,fashion,8219.0,2334,877,Micro
9183,magical_pakistan,fashion,8213.0,373,259,Micro
9184,evakais_r,fashion,8206.0,615,914,Micro
9185,franhaining,fashion,8200.0,989,352,Micro
9186,fitfreedomlifestyle,fashion,8198.0,1044,347,Micro
9187,ashhtaylor,fashion,8198.0,1205,830,Micro
9188,intimateweddings,fashion,8195.0,4054,2732,Micro
9189,hildurmariaa,fashion,8194.0,1083,577,Micro
9190,lostluxe,fashion,8176.0,1054,716,Micro
9191,faith.fully.yours,fashion,8170.0,1336,525,Micro
9192,brittney_k,fashion,8168.0,2782,259,Micro
9193,heyjodeblog,fashion,8158.0,3310,438,Micro
9194,goldieplusmodel,fashion,8151.0,5565,353,Micro
9195,themiddlemama,fashion,8146.0,1839,996,Micro
9196,johannavizmanos,fashion,8145.0,1260,1283,Micro
9197,lebu_,fashion,8139.0,4589,3627,Micro
9198,justmaryum,fashion,8128.0,667,274,Micro
9199,thedaydreameruk,fashion,8115.0,962,5593,Micro
9200,missfely,fashion,8110.0,999,640,Micro
9201,ericmunson,fashion,8105.0,806,1286,Micro
9202,espressoandchanel,fashion,8104.0,5114,543,Micro
9203,elzasoko,fashion,8095.0,833,1651,Micro
9204,victoriasaccessories,fashion,8092.0,1623,2627,Micro
9205,duh.laney_,fashion,8090.0,1390,479,Micro
9206,thedailyte.a,fashion,8088.0,507,254,Micro
9207,himegaru,fashion,8083.0,680,375,Micro
9208,emmanuellepoumirol,fashion,8080.0,1137,1456,Micro
9209,alexispaigeb,fashion,8074.0,1509,1222,Micro
9210,thesunkissedlife_,fashion,8074.0,835,292,Micro
9211,taylorjoachim,fashion,8073.0,976,889,Micro
9212,emilybfahlsing,fashion,8070.0,998,870,Micro
9213,missmollymoon,fashion,8067.0,858,1042,Micro
9214,laurenanciaux,fashion,8062.0,1346,390,Micro
9215,mileepaz,fashion,8058.0,769,2163,Micro
9216,sheelachristyn,fashion,8056.0,632,644,Micro
9217,amy_daniels,fashion,8053.0,315,637,Micro
9218,angelikadoss,fashion,8051.0,6401,1984,Micro
9219,samanthamariko,fashion,8048.0,1814,3536,Micro
9220,chelseafenech,fashion,8047.0,482,406,Micro
9221,chrisylla10,fashion,8047.0,958,269,Micro
9222,abigaiilcomrie,fashion,8047.0,2364,645,Micro
9223,patricejwill,fashion,8044.0,679,2721,Micro
9224,karine_trudel,fashion,8042.0,456,360,Micro
9225,emmasevilles,fashion,8040.0,446,353,Micro
9226,scherziest,fashion,8040.0,288,1189,Micro
9227,_moni_angel_,fashion,8037.0,734,1735,Micro
9228,superagentju,fashion,8034.0,1083,1248,Micro
9229,jennifer.von.da.lutz,fashion,8013.0,556,540,Micro
9230,ema0218,fashion,8013.0,337,1175,Micro
9231,emilyjayneellis,fashion,8012.0,697,487,Micro
9232,thisisnoenvy,fashion,8008.0,1298,521,Micro
9233,elofancy,fashion,8007.0,787,1477,Micro
9234,victoriagblack,fashion,8006.0,1536,1056,Micro
9235,manuelatosin,fashion,8006.0,398,308,Micro
9236,tonbarbier,fashion,7999.0,999,1951,Micro
9237,samdeley,fashion,7998.0,1262,681,Micro
9238,ishootwhatever,fashion,7998.0,3996,825,Micro
9239,awadewego,fashion,7995.0,931,1430,Micro
9240,yasmin_hml,fashion,7994.0,746,237,Micro
9241,sweetjellybean5,fashion,7992.0,2097,2023,Micro
9242,michaeladartois,fashion,7985.0,1195,1167,Micro
9243,leahwillig,fashion,7980.0,3156,1027,Micro
9244,santo_dre,fashion,7979.0,923,329,Micro
9245,klaudipoloncova,fashion,7973.0,401,590,Micro
9246,sewinglikemad,fashion,7968.0,504,1642,Micro
9247,hanpaine,fashion,7967.0,1548,1154,Micro
9248,teatodorovic,fashion,7965.0,1526,471,Micro
9249,madisonmartine1,fashion,7965.0,628,666,Micro
9250,whatmayadid,fashion,7962.0,2642,763,Micro
9251,jenniferanhdo,fashion,7961.0,1122,1342,Micro
9252,carock974,fashion,7958.0,4593,332,Micro
9253,joe_demi_jemi,fashion,7954.0,1261,10801,Micro
9254,nataliapodolsky,fashion,7947.0,1240,323,Micro
9255,bele.marie_,fashion,7944.0,995,459,Micro
9256,_saintvictoria,fashion,7937.0,564,612,Micro
9257,christineleeee,fashion,7933.0,973,467,Micro
9258,urbansodamama,fashion,7932.0,2028,1186,Micro
9259,carlinka_x,fashion,7927.0,605,301,Micro
9260,la.brandon,fashion,7917.0,955,702,Micro
9261,tacedoherty,fashion,7912.0,6670,241,Micro
9262,minivoodoo_official,fashion,7912.0,858,958,Micro
9263,jessrabbott,fashion,7901.0,1150,1754,Micro
9264,princessleiavapes,fashion,7900.0,830,2943,Micro
9265,elioministeri,fashion,7892.0,59,397,Micro
9266,calumcurry,fashion,7883.0,2513,4167,Micro
9267,wondercoated,fashion,7875.0,1037,385,Micro
9268,vicko_m,fashion,7875.0,515,1343,Micro
9269,cohleycreators,fashion,7871.0,1496,171,Micro
9270,kristinahader,fashion,7862.0,357,556,Micro
9271,pagingmrsgehrels,fashion,7861.0,1684,7276,Micro
9272,vnvid,fashion,7859.0,1657,296,Micro
9273,endlessweekendnl,fashion,7858.0,9,319,Micro
9274,luxelifelover,fashion,7852.0,1468,339,Micro
9275,yasminajdu,fashion,7831.0,1818,323,Micro
9276,a_littlebitoflife,fashion,7831.0,1013,1740,Micro
9277,sweethelenmelon,fashion,7818.0,557,1632,Micro
9278,sarahhsol,fashion,7796.0,843,841,Micro
9279,twistedcoco,fashion,7795.0,1213,1486,Micro
9280,_mollymarsh_,fashion,7789.0,3717,1541,Micro
9281,rutkowskaklaudiaa,fashion,7780.0,578,247,Micro
9282,letitiakiu,fashion,7778.0,424,1150,Micro
9283,simonbjoern,fashion,7778.0,582,538,Micro
9284,lindseylondonmumma,fashion,7771.0,857,973,Micro
9285,theblondeparfait,fashion,7770.0,1799,605,Micro
9286,rocaphoto,fashion,7763.0,1666,520,Micro
9287,laudividni,fashion,7762.0,1933,480,Micro
9288,glitzglamom,fashion,7762.0,2887,161,Micro
9289,astridnieuwborg,fashion,7758.0,1061,873,Micro
9290,oceanitaa,fashion,7757.0,1176,800,Micro
9291,irishmirish,fashion,7754.0,937,1577,Micro
9292,livelearnluxeit,fashion,7750.0,850,1645,Micro
9293,mily_barbe,fashion,7747.0,973,574,Micro
9294,ohwhatasighttosee,fashion,7746.0,1324,1408,Micro
9295,schenelle1dias,fashion,7742.0,1017,414,Micro
9296,minettesworld,fashion,7739.0,1261,1018,Micro
9297,michelle.chnn,fashion,7723.0,923,314,Micro
9298,gonzalorodvi,fashion,7716.0,869,595,Micro
9299,jessicaprdnc,fashion,7712.0,502,1117,Micro
9300,ponah.ng,fashion,7707.0,285,1349,Micro
9301,katiealicelowe,fashion,7704.0,985,1649,Micro
9302,fixedtothrill,fashion,7701.0,4381,1761,Micro
9303,joannamhui,fashion,7698.0,484,623,Micro
9304,itsdemib,fashion,7691.0,978,1233,Micro
9305,freak_stabia,fashion,7690.0,2620,4857,Micro
9306,solpaulino,fashion,7684.0,843,493,Micro
9307,neleliiis,fashion,7682.0,371,332,Micro
9308,saharlazari,fashion,7680.0,749,1191,Micro
9309,ggsisters.de,fashion,7676.0,946,577,Micro
9310,dailytouchofstyle,fashion,7674.0,664,307,Micro
9311,geekyglamorous,fashion,7662.0,427,1044,Micro
9312,coltortiboutique,fashion,7654.0,287,1275,Micro
9313,petraalexandra,fashion,7641.0,281,2791,Micro
9314,lucylou.and.co,fashion,7637.0,2863,233,Micro
9315,silviagesuelli,fashion,7631.0,592,935,Micro
9316,thestyleprescription,fashion,7630.0,488,301,Micro
9317,judithbradl,fashion,7629.0,889,1316,Micro
9318,modezarin,fashion,7623.0,583,1584,Micro
9319,mollynicolexo,fashion,7619.0,400,500,Micro
9320,sarahgranhoj,fashion,7619.0,527,420,Micro
9321,thegentlemanselect,fashion,7616.0,5070,707,Micro
9322,christinartnd,fashion,7607.0,369,4134,Micro
9323,racheldinh_,fashion,7605.0,1233,852,Micro
9324,_laurenestes_,fashion,7605.0,1269,346,Micro
9325,rachel.awtrey,fashion,7600.0,991,1297,Micro
9326,mrnghr,fashion,7598.0,983,1161,Micro
9327,reecechapman,fashion,7590.0,1154,1318,Micro
9328,juliehocke,fashion,7587.0,834,703,Micro
9329,leleloveleigh,fashion,7575.0,1137,3009,Micro
9330,pipaa96,fashion,7575.0,1197,501,Micro
9331,tiebutton,fashion,7570.0,636,816,Micro
9332,minakaterina,fashion,7563.0,1251,797,Micro
9333,hewhoinspires_,fashion,7556.0,734,361,Micro
9334,leahdamermaid,fashion,7541.0,2699,655,Micro
9335,saravondergasse,fashion,7539.0,1086,533,Micro
9336,fashionfairydust,fashion,7538.0,990,2472,Micro
9337,alexapugliese_,fashion,7538.0,1986,641,Micro
9338,thesearchofhappiness,fashion,7538.0,2802,1188,Micro
9339,ayeohstudio,fashion,7537.0,3204,511,Micro
9340,cassiecocoa,fashion,7532.0,580,564,Micro
9341,psfortysix,fashion,7522.0,1510,811,Micro
9342,nelliekleist,fashion,7521.0,513,549,Micro
9343,itswillmanning,fashion,7515.0,1137,1921,Micro
9344,vanessaortynsky,fashion,7502.0,790,2519,Micro
9345,primandpimp,fashion,7501.0,990,1900,Micro
9346,sebastian_heger,fashion,7500.0,7445,268,Micro
9347,chewbaccasbarbie,fashion,7499.0,452,264,Micro
9348,dashofserendipity,fashion,7497.0,996,754,Micro
9349,bolly_worm,fashion,7490.0,3301,2104,Micro
9350,marcellyguizzo,fashion,7487.0,1550,460,Micro
9351,beatrizlarrat,fashion,7483.0,1623,1086,Micro
9352,corinnergeorges,fashion,7476.0,1236,352,Micro
9353,susamamma,fashion,7476.0,483,669,Micro
9354,karenlycheng,fashion,7475.0,2900,2183,Micro
9355,paintthetownchic,fashion,7472.0,4994,1547,Micro
9356,curlybyrdie,fashion,7471.0,7428,3745,Micro
9357,nomanoire,fashion,7467.0,1432,525,Micro
9358,fannystaaf,fashion,7461.0,223,1667,Micro
9359,daniellemetzler_,fashion,7460.0,1947,942,Micro
9360,ekredd,fashion,7457.0,4740,274,Micro
9361,lafalafel,fashion,7452.0,993,480,Micro
9362,the_pinkbrunette,fashion,7451.0,1366,549,Micro
9363,moniquelund,fashion,7451.0,1217,3250,Micro
9364,annakaragiannidou,fashion,7449.0,2937,1045,Micro
9365,esq_fashionista,fashion,7440.0,541,932,Micro
9366,becss1,fashion,7438.0,3725,949,Micro
9367,thislifestyled,fashion,7435.0,1541,545,Micro
9368,anfori19,fashion,7434.0,698,580,Micro
9369,jessinseptember,fashion,7430.0,398,362,Micro
9370,jessica_peet,fashion,7429.0,749,261,Micro
9371,tuttifrutti_menta,fashion,7427.0,4933,2708,Micro
9372,missaquia,fashion,7421.0,748,1326,Micro
9373,yosoyyayar,fashion,7421.0,2780,2208,Micro
9374,colorfulcurves,fashion,7417.0,299,294,Micro
9375,and_god_created_elvis,fashion,7407.0,1671,923,Micro
9376,am.harwood,fashion,7399.0,870,482,Micro
9377,eylemwho,fashion,7394.0,1193,599,Micro
9378,tenindvr,fashion,7391.0,526,739,Micro
9379,veronicazaccagnini,fashion,7388.0,897,622,Micro
9380,camilarpontes,fashion,7382.0,907,378,Micro
9381,yourgirllani,fashion,7380.0,1000,433,Micro
9382,perfectpopsf,fashion,7369.0,1120,341,Micro
9383,jorybrodkin,fashion,7365.0,1212,1469,Micro
9384,loispeper,fashion,7364.0,667,1021,Micro
9385,xiongofstyle,fashion,7353.0,124,327,Micro
9386,heytaylorrae,fashion,7349.0,1690,1507,Micro
9387,bertillecnt,fashion,7346.0,714,958,Micro
9388,india.marie,fashion,7345.0,988,375,Micro
9389,kasiperkins,fashion,7344.0,1309,454,Micro
9390,ymsblog,fashion,7342.0,2514,2363,Micro
9391,lilisfashion,fashion,7341.0,2390,2254,Micro
9392,katarzyna.zet,fashion,7337.0,2896,1071,Micro
9393,thelucyedit,fashion,7333.0,4077,3686,Micro
9394,kassandrakondo,fashion,7332.0,1038,1217,Micro
9395,rafiya.alam,fashion,7329.0,1014,560,Micro
9396,marie_reierth,fashion,7327.0,703,1546,Micro
9397,nadineroelofss,fashion,7317.0,847,346,Micro
9398,sofiabilder,fashion,7303.0,1733,938,Micro
9399,agorod2,fashion,7302.0,803,817,Micro
9400,juanitasreadingcafe,fashion,7299.0,381,295,Micro
9401,jerseyfashionista,fashion,7297.0,3457,2626,Micro
9402,browngirlstylish,fashion,7289.0,1040,445,Micro
9403,carlitag_r,fashion,7281.0,998,1268,Micro
9404,pepperstores,fashion,7275.0,495,748,Micro
9405,amkbhamra,fashion,7271.0,1489,412,Micro
9406,thesassthiing,fashion,7267.0,29,703,Micro
9407,nickgetek,fashion,7266.0,251,1845,Micro
9408,corbinchase,fashion,7257.0,2664,2394,Micro
9409,sarah_troyer,fashion,7255.0,440,350,Micro
9410,morenaurzini,fashion,7243.0,209,476,Micro
9411,zosiarome,fashion,7241.0,979,1462,Micro
9412,brielle.cherie,fashion,7240.0,329,255,Micro
9413,callumwatt,fashion,7240.0,1561,2333,Micro
9414,nathb,fashion,7238.0,1125,658,Micro
9415,cecimgiacri,fashion,7236.0,643,2136,Micro
9416,twinkleinrouen,fashion,7230.0,412,342,Micro
9417,aboutmateria,fashion,7229.0,323,674,Micro
9418,chicandclothes,fashion,7222.0,834,1154,Micro
9419,iceicebribri,fashion,7219.0,3897,799,Micro
9420,blackidsuperior,fashion,7215.0,7498,2781,Micro
9421,keepingupwithkalina,fashion,7208.0,408,948,Micro
9422,luzyconexion,fashion,7202.0,1091,925,Micro
9423,alexcurtiswellness,fashion,7200.0,1638,1150,Micro
9424,sajafrey,fashion,7200.0,209,477,Micro
9425,lisabuchegger,fashion,7198.0,736,1387,Micro
9426,vivacious_wish,fashion,7193.0,2739,997,Micro
9427,worldofannna,fashion,7187.0,2362,2491,Micro
9428,marevashana,fashion,7185.0,762,770,Micro
9429,julesshingarey,fashion,7184.0,271,391,Micro
9430,devdominguez,fashion,7184.0,1594,351,Micro
9431,phoebephillips,fashion,7178.0,1673,666,Micro
9432,carrie_marcianti_jones,fashion,7172.0,1943,567,Micro
9433,renate.cecilie,fashion,7170.0,551,787,Micro
9434,marilou_an,fashion,7165.0,4160,476,Micro
9435,toriiitoriii,fashion,7164.0,521,1769,Micro
9436,katiecung,fashion,7157.0,986,628,Micro
9437,adamrustman,fashion,7157.0,1149,295,Micro
9438,alanashelise,fashion,7145.0,1931,303,Micro
9439,nairo0508,fashion,7144.0,528,984,Micro
9440,veryjoelle,fashion,7143.0,737,1320,Micro
9441,pauline.matter,fashion,7139.0,787,420,Micro
9442,addieg2,fashion,7136.0,997,751,Micro
9443,victoriafolkins,fashion,7133.0,578,355,Micro
9444,lmer_,fashion,7132.0,1351,332,Micro
9445,draishasindhu,fashion,7130.0,594,757,Micro
9446,ellishanic,fashion,7129.0,1862,648,Micro
9447,emmimmi,fashion,7121.0,758,475,Micro
9448,marionhoeh,fashion,7119.0,703,845,Micro
9449,jadenguyen04,fashion,7117.0,979,482,Micro
9450,darlingdearest,fashion,7093.0,2376,829,Micro
9451,emiilyher,fashion,7090.0,2695,257,Micro
9452,queensizemagazine,fashion,7089.0,1905,1251,Micro
9453,camilaolf,fashion,7082.0,2301,337,Micro
9454,tjasab,fashion,7082.0,1779,3003,Micro
9455,madeleinebuggekarlsen,fashion,7081.0,1040,634,Micro
9456,alexandraemmys,fashion,7076.0,2713,749,Micro
9457,walaayoussef_,fashion,7074.0,1010,319,Micro
9458,nilo_bella,fashion,7071.0,1694,386,Micro
9459,kay3100,fashion,7063.0,2964,2888,Micro
9460,anniinajalkanen,fashion,7060.0,1489,352,Micro
9461,sandra_wyte,fashion,7055.0,967,467,Micro
9462,joanna_elisabeth_,fashion,7055.0,4395,338,Micro
9463,phvongtrvn,fashion,7048.0,647,350,Micro
9464,tobie.jean,fashion,7034.0,3898,1035,Micro
9465,joannafinata8,fashion,7028.0,1933,1092,Micro
9466,pepswaves,fashion,7027.0,473,234,Micro
9467,the_female_beauty_,fashion,7023.0,1379,863,Micro
9468,jennnyperssson,fashion,7016.0,709,821,Micro
9469,lkrss1,fashion,7015.0,532,2039,Micro
9470,bertuxy,fashion,7013.0,891,2025,Micro
9471,sparklingsoutherner,fashion,7006.0,1514,532,Micro
9472,yvonnechengg,fashion,7005.0,542,401,Micro
9473,krispclothing,fashion,7005.0,562,1401,Micro
9474,jerseygirltexanheart,fashion,6998.0,1431,1181,Micro
9475,jahnamichelle,fashion,6988.0,1143,480,Micro
9476,marydenysiuk,fashion,6987.0,742,548,Micro
9477,popottekreol,fashion,6987.0,893,858,Micro
9478,aboutthatlookmag,fashion,6981.0,263,971,Micro
9479,anumanumz,fashion,6980.0,1764,376,Micro
9480,nicolekay___,fashion,6977.0,976,345,Micro
9481,goodmorningfabulous,fashion,6973.0,413,270,Micro
9482,unlimiteddreamer,fashion,6967.0,855,1114,Micro
9483,rutlandgirlfashionstyle,fashion,6966.0,706,512,Micro
9484,beyondhercurls,fashion,6966.0,931,1122,Micro
9485,annamariehall,fashion,6963.0,2064,344,Micro
9486,xthelifeofm,fashion,6953.0,3659,762,Micro
9487,thearticlesoffaith,fashion,6943.0,1064,398,Micro
9488,beautybybenji,fashion,6940.0,995,1750,Micro
9489,thebobbedbrunette,fashion,6930.0,746,1683,Micro
9490,viennaskye,fashion,6930.0,940,992,Micro
9491,algo_pasa_con_mery,fashion,6927.0,1033,327,Micro
9492,what.riva.wore,fashion,6927.0,1204,1762,Micro
9493,lushooter,fashion,6925.0,858,631,Micro
9494,agnursingforall,fashion,6923.0,1512,762,Micro
9495,tiffanymariegabriel,fashion,6921.0,3446,553,Micro
9496,thestyleheiress,fashion,6917.0,654,2997,Micro
9497,icanseeadream,fashion,6915.0,1681,403,Micro
9498,littlemissplumful,fashion,6903.0,1368,3014,Micro
9499,tessdewi,fashion,6898.0,1244,492,Micro
9500,miriss.love,fashion,6889.0,1607,718,Micro
9501,lenuslenix,fashion,6887.0,1311,1416,Micro
9502,sugarplumpam,fashion,6882.0,3955,3028,Micro
9503,zoeelizabethblog,fashion,6881.0,1385,2192,Micro
9504,steph.ling,fashion,6879.0,1007,388,Micro
9505,levoltage,fashion,6878.0,606,799,Micro
9506,escuderocelyne,fashion,6876.0,833,704,Micro
9507,eileenmak,fashion,6852.0,603,761,Micro
9508,oliviavlachos,fashion,6850.0,7483,324,Micro
9509,charmainehungsm,fashion,6849.0,797,609,Micro
9510,les_coquetteries_demilie,fashion,6844.0,1208,1299,Micro
9511,edithsahlberg,fashion,6843.0,271,709,Micro
9512,milasupit,fashion,6839.0,1093,290,Micro
9513,gabyguha,fashion,6836.0,992,401,Micro
9514,natasha_nitt,fashion,6832.0,564,691,Micro
9515,thefashionlotus,fashion,6829.0,1764,1772,Micro
9516,shelseasanchez,fashion,6826.0,1560,3556,Micro
9517,addictivemagazine,fashion,6809.0,4756,4079,Micro
9518,brittanyxlewis,fashion,6804.0,971,709,Micro
9519,michelleuz,fashion,6802.0,651,1083,Micro
9520,eveli_hanelova,fashion,6793.0,870,471,Micro
9521,arianadiazxox,fashion,6790.0,467,1145,Micro
9522,moabolte,fashion,6783.0,576,1912,Micro
9523,juliasfashionforall,fashion,6777.0,770,796,Micro
9524,gracerobinson,fashion,6776.0,2370,1465,Micro
9525,carlajian,fashion,6775.0,2837,483,Micro
9526,chchiclifestyle,fashion,6767.0,1306,487,Micro
9527,alicepmb,fashion,6758.0,543,338,Micro
9528,vanessarapunzel,fashion,6746.0,640,646,Micro
9529,heleahy,fashion,6743.0,1142,849,Micro
9530,emilieildstein,fashion,6742.0,468,275,Micro
9531,jaimyewaters,fashion,6739.0,998,574,Micro
9532,theblondewholovesfashion,fashion,6738.0,1251,482,Micro
9533,samjahiman,fashion,6736.0,1987,710,Micro
9534,withlovekata,fashion,6734.0,363,1162,Micro
9535,jessicajuliien,fashion,6733.0,758,569,Micro
9536,carissabmitch,fashion,6728.0,2875,786,Micro
9537,olhamelokhina,fashion,6727.0,3265,891,Micro
9538,latteswithliz,fashion,6726.0,899,216,Micro
9539,vanesbm,fashion,6726.0,3519,586,Micro
9540,chousner,fashion,6724.0,822,392,Micro
9541,alexandrarabbitte,fashion,6722.0,2063,873,Micro
9542,sebascintron,fashion,6721.0,603,841,Micro
9543,ozmdrn,fashion,6720.0,1353,731,Micro
9544,sallyspeaking,fashion,6713.0,587,317,Micro
9545,sarah_vasquez,fashion,6713.0,2828,1421,Micro
9546,anettesto,fashion,6710.0,2522,1240,Micro
9547,massaraph,fashion,6704.0,1120,469,Micro
9548,parisanafei,fashion,6693.0,1700,943,Micro
9549,ash44444,fashion,6689.0,303,521,Micro
9550,thesavvycamel,fashion,6681.0,1030,1525,Micro
9551,charlottesjusdal,fashion,6677.0,1820,1439,Micro
9552,dollygirma,fashion,6676.0,389,285,Micro
9553,ratedrmmg,fashion,6674.0,5026,722,Micro
9554,manukenpis,fashion,6667.0,3198,614,Micro
9555,ssdfalconry,fashion,6657.0,5397,4963,Micro
9556,stylegrimoires,fashion,6655.0,1386,653,Micro
9557,kurmanoraktai,fashion,6654.0,1434,1610,Micro
9558,ende_denim,fashion,6645.0,3077,442,Micro
9559,amanda_sand,fashion,6637.0,978,278,Micro
9560,lamourinnocent,fashion,6633.0,1187,1310,Micro
9561,nyfashionhunter,fashion,6632.0,971,947,Micro
9562,the_cheapblonde,fashion,6632.0,1229,1282,Micro
9563,sophiapatsalides,fashion,6631.0,2246,1289,Micro
9564,morepaulina_,fashion,6630.0,2474,278,Micro
9565,paige_mariah,fashion,6629.0,528,1136,Micro
9566,stylebygina_,fashion,6628.0,830,693,Micro
9567,pintsizedphoto,fashion,6628.0,499,874,Micro
9568,janicelombardi_,fashion,6615.0,1549,774,Micro
9569,stylish.toast,fashion,6614.0,346,556,Micro
9570,ohhmyannie,fashion,6614.0,573,1362,Micro
9571,christianfang,fashion,6611.0,641,833,Micro
9572,nikita_mcelroy,fashion,6610.0,1117,1896,Micro
9573,ivetazalc,fashion,6602.0,361,319,Micro
9574,laurenashliie,fashion,6594.0,1216,843,Micro
9575,oliviaahalim,fashion,6594.0,1085,408,Micro
9576,salty_air__,fashion,6594.0,1325,788,Micro
9577,aleksandraxo_,fashion,6592.0,1114,632,Micro
9578,annikenbyberg,fashion,6590.0,613,1314,Micro
9579,vstylist,fashion,6588.0,939,2860,Micro
9580,styledby.s,fashion,6586.0,539,332,Micro
9581,pierinaabarca,fashion,6585.0,1142,337,Micro
9582,randinicholejoan,fashion,6583.0,575,1651,Micro
9583,smrits16,fashion,6576.0,681,1291,Micro
9584,everydayteacherstyle,fashion,6571.0,1188,968,Micro
9585,miscositasdemodas,fashion,6566.0,2373,2288,Micro
9586,maddie_evie_chin,fashion,6566.0,2145,1075,Micro
9587,huesofwhite,fashion,6565.0,1975,658,Micro
9588,marie.claude.l,fashion,6563.0,1499,334,Micro
9589,lordgrantt,fashion,6562.0,1328,433,Micro
9590,gina_schneider,fashion,6559.0,823,473,Micro
9591,emilystranges,fashion,6558.0,638,832,Micro
9592,sep.nash,fashion,6557.0,251,579,Micro
9593,vivakolor,fashion,6548.0,819,326,Micro
9594,nastaranmarie,fashion,6536.0,903,948,Micro
9595,amygatenbyy,fashion,6532.0,1836,818,Micro
9596,charlinecatteeuw,fashion,6528.0,943,413,Micro
9597,frolicandfro,fashion,6527.0,2782,1183,Micro
9598,zerinhassan_,fashion,6524.0,1030,1777,Micro
9599,bradders_21,fashion,6523.0,1067,495,Micro
9600,dear.kindred,fashion,6519.0,2033,482,Micro
9601,gaulx.style,fashion,6514.0,2162,378,Micro
9602,mundobarth,fashion,6513.0,1311,739,Micro
9603,southernflairblog,fashion,6500.0,2870,1343,Micro
9604,alexgill,fashion,6498.0,968,3345,Micro
9605,bobbybowenn,fashion,6486.0,5064,2198,Micro
9606,laurzrah,fashion,6483.0,2037,1291,Micro
9607,huyenniethepooh,fashion,6482.0,382,356,Micro
9608,katarinabrunette,fashion,6480.0,723,1151,Micro
9609,sydneyjoz,fashion,6475.0,1016,575,Micro
9610,talitagatita,fashion,6470.0,1511,569,Micro
9611,joanshepp,fashion,6468.0,591,1180,Micro
9612,andrayatighe,fashion,6462.0,663,191,Micro
9613,rodicavoznyak,fashion,6456.0,345,449,Micro
9614,brainsandbronzed,fashion,6451.0,2842,236,Micro
9615,lisardgz_,fashion,6447.0,691,303,Micro
9616,cryscastles,fashion,6446.0,895,797,Micro
9617,dstylebook,fashion,6445.0,919,374,Micro
9618,styledbyerika,fashion,6444.0,1040,347,Micro
9619,tiffthezeta,fashion,6440.0,4183,956,Micro
9620,danielalouisee,fashion,6440.0,958,419,Micro
9621,styleplaza,fashion,6432.0,589,1094,Micro
9622,mklyns,fashion,6431.0,489,748,Micro
9623,emily_michelson,fashion,6429.0,999,486,Micro
9624,whoisapneet,fashion,6428.0,497,988,Micro
9625,aleexweb,fashion,6426.0,428,381,Micro
9626,kay_ng,fashion,6413.0,775,1557,Micro
9627,kallie_cooper,fashion,6411.0,734,515,Micro
9628,jolienleenknecht,fashion,6405.0,1346,669,Micro
9629,_holly_patterson_,fashion,6404.0,2852,721,Micro
9630,yemagz,fashion,6399.0,535,809,Micro
9631,bebaworbis,fashion,6398.0,888,1039,Micro
9632,itsrandilauren,fashion,6392.0,1166,280,Micro
9633,kennedycowan,fashion,6388.0,1508,265,Micro
9634,mandymaxim,fashion,6386.0,2790,399,Micro
9635,maria_mannequin,fashion,6385.0,603,309,Micro
9636,marciasofiams,fashion,6384.0,2118,2386,Micro
9637,tatidrea,fashion,6380.0,1659,990,Micro
9638,demi_enchanted.x,fashion,6380.0,2234,686,Micro
9639,derrahoward,fashion,6379.0,1008,253,Micro
9640,pop.in.its.cristina,fashion,6375.0,1981,2044,Micro
9641,mariasri,fashion,6375.0,1022,455,Micro
9642,styleblogmichelle,fashion,6373.0,187,412,Micro
9643,mindovermidwest,fashion,6370.0,683,502,Micro
9644,trendsofmens,fashion,6370.0,2557,696,Micro
9645,alyssekatherine,fashion,6370.0,4929,651,Micro
9646,theresethunell,fashion,6363.0,525,1164,Micro
9647,swedishgirlinlondon,fashion,6353.0,1395,938,Micro
9648,lydiaguer,fashion,6324.0,743,940,Micro
9649,charliemariedoe,fashion,6308.0,2925,1109,Micro
9650,kristineboge,fashion,6303.0,1149,741,Micro
9651,carlycatalana,fashion,6289.0,907,1377,Micro
9652,lavieenrose321,fashion,6287.0,898,901,Micro
9653,stefanjoham,fashion,6287.0,2755,2337,Micro
9654,hannahalmassi,fashion,6286.0,827,926,Micro
9655,viviollyoficial,fashion,6286.0,3336,1327,Micro
9656,sofiasmode,fashion,6284.0,736,709,Micro
9657,cindy_dess,fashion,6282.0,1675,1149,Micro
9658,atelierdetendances,fashion,6278.0,628,1019,Micro
9659,silkandstrands,fashion,6277.0,798,848,Micro
9660,sarahwhnr,fashion,6275.0,550,309,Micro
9661,farahomidi,fashion,6275.0,1502,991,Micro
9662,ericel,fashion,6274.0,1829,1251,Micro
9663,uhhsandy,fashion,6272.0,391,1097,Micro
9664,marielinhem,fashion,6272.0,541,1703,Micro
9665,nair_torres,fashion,6264.0,1064,1108,Micro
9666,danielleperea,fashion,6262.0,2335,969,Micro
9667,_dailydoseofluxury,fashion,6251.0,3264,358,Micro
9668,tusksandtails,fashion,6250.0,1007,1649,Micro
9669,poshandcirc,fashion,6249.0,939,408,Micro
9670,anaispenelope,fashion,6247.0,833,1367,Micro
9671,imjingerwithaj,fashion,6244.0,994,654,Micro
9672,victoriakwessberg,fashion,6239.0,964,495,Micro
9673,theemalexander,fashion,6238.0,2934,2133,Micro
9674,vanessadavinia,fashion,6238.0,872,937,Micro
9675,cathrinewillumsen,fashion,6233.0,2708,390,Micro
9676,mvrubi,fashion,6231.0,894,1004,Micro
9677,fannylbld_,fashion,6228.0,780,1209,Micro
9678,thefashionabletraveler,fashion,6221.0,2927,1888,Micro
9679,zakariyaqasim,fashion,6210.0,1907,2500,Micro
9680,carina.raquel_,fashion,6208.0,1609,323,Micro
9681,boundlessbykara,fashion,6199.0,2223,954,Micro
9682,anthonyylee_,fashion,6189.0,768,727,Micro
9683,brandonpeebles,fashion,6188.0,1064,522,Micro
9684,hendrickarody,fashion,6183.0,4763,275,Micro
9685,fashionista_in_suburbia,fashion,6183.0,3428,3207,Micro
9686,wakeaway_,fashion,6182.0,680,307,Micro
9687,elizabethandreaa_,fashion,6181.0,1612,296,Micro
9688,chloebartlett15,fashion,6180.0,990,385,Micro
9689,ashiepowers,fashion,6179.0,953,720,Micro
9690,irishweddingblog,fashion,6179.0,2141,2735,Micro
9691,nastyachoo,fashion,6172.0,311,1282,Micro
9692,allymillerr,fashion,6167.0,1080,432,Micro
9693,julianachow,fashion,6166.0,894,735,Micro
9694,ohhsorosie,fashion,6153.0,1004,1484,Micro
9695,beyouverywell,fashion,6150.0,2387,202,Micro
9696,felixwilliamschwarz,fashion,6141.0,532,662,Micro
9697,stellasowa,fashion,6140.0,986,912,Micro
9698,anastasia_dvornicina,fashion,6139.0,518,667,Micro
9699,ecstasymodels,fashion,6134.0,976,1895,Micro
9700,jessyy.mac,fashion,6133.0,2019,744,Micro
9701,ellis_sutter,fashion,6132.0,923,990,Micro
9702,chleomikaela,fashion,6130.0,659,579,Micro
9703,lifew.erin,fashion,6128.0,768,359,Micro
9704,thestylishfoodie,fashion,6124.0,695,642,Micro
9705,anoteonstyle,fashion,6122.0,838,1061,Micro
9706,mskerih,fashion,6108.0,394,384,Micro
9707,l0urdesaguilar,fashion,6108.0,546,472,Micro
9708,wiljaaa,fashion,6094.0,393,1020,Micro
9709,stephkholmberg,fashion,6090.0,1257,636,Micro
9710,themiatowers,fashion,6089.0,1206,649,Micro
9711,imtomo.m,fashion,6088.0,463,555,Micro
9712,galwayplayer,fashion,6081.0,3767,1317,Micro
9713,miraelle_girl,fashion,6062.0,122,279,Micro
9714,j_meskauskaite,fashion,6058.0,432,605,Micro
9715,madolynthinks,fashion,6055.0,5794,1803,Micro
9716,carlotagrandeb,fashion,6054.0,1019,350,Micro
9717,sixfeetinheels,fashion,6049.0,360,505,Micro
9718,sincerely.svenja,fashion,6044.0,1682,943,Micro
9719,girls_paradise36,fashion,6041.0,7407,7243,Micro
9720,haugaard91,fashion,6036.0,1416,1855,Micro
9721,valchoucs,fashion,6035.0,960,495,Micro
9722,whatjessloves_,fashion,6034.0,2702,333,Micro
9723,michaelseifert_,fashion,6032.0,370,1308,Micro
9724,peaches_nina,fashion,6027.0,719,264,Micro
9725,london_theplug,fashion,6025.0,1200,263,Micro
9726,judyaustralia,fashion,6023.0,436,416,Micro
9727,andreawr,fashion,6019.0,737,656,Micro
9728,steelojeem,fashion,6015.0,998,387,Micro
9729,bethanialocke,fashion,6013.0,518,302,Micro
9730,annekathrinjahnel,fashion,6008.0,238,306,Micro
9731,likelesley,fashion,6008.0,1084,454,Micro
9732,shuchitasharan,fashion,6006.0,293,930,Micro
9733,schini_mini_,fashion,6005.0,1614,890,Micro
9734,susanasaloo,fashion,6000.0,273,451,Micro
